Africa Spectrum,https://journals.sagepub.com/description/AFR,Found: NOT!!!,0002-0397,1868-6869
Acta Biochimica Polonica,https://ojs.ptbioch.edu.pl/index.php/abp/about/contact,Found:OK,abp@ptbioch.edu.pl,0001-527X,1734-154X
Acta Médica Costarricense,http://actamedica.medicos.cr/index.php/Acta_Medica/about/contact,Found: NOT!!!,0001-6012,2215-5856
Acta Societatis Botanicorum Poloniae,https://pbsociety.org.pl/journals/index.php/asbp/about/contact,Found: NOT!!!,0001-6977,2083-9480
Acta Societatis Botanicorum Poloniae,https://pbsociety.org.pl/journals/index.php/asbp/about/contact,Found:OK,asbp@pbsociety.org.pl,0001-6977,2083-9480
Acta Societatis Botanicorum Poloniae,https://pbsociety.org.pl/journals/index.php/asbp/about/contact,Found:OK,admin@pbsociety.org.pl,0001-6977,2083-9480
Acta Mycologica,https://pbsociety.org.pl/journals/index.php/am/about/contact,Found: NOT!!!,0001-625X,2353-074X
Acta Mycologica,https://pbsociety.org.pl/journals/index.php/am/about/contact,Found:OK,am@pbsociety.org.pl,0001-625X,2353-074X
Acta Mycologica,https://pbsociety.org.pl/journals/index.php/am/about/contact,Found:OK,admin@pbsociety.org.pl,0001-625X,2353-074X
ACME,http://riviste.unimi.it/index.php/ACME/about/contact,Found: NOT!!!,0001-494X,2282-0035
Acta Stomatologica Croatica,http://hrcak.srce.hr/index.php?show=casopis&id_casopis=6,Found: NOT!!!,0001-7019,1846-0410
Acta Psychologica,https://www.journals.elsevier.com/acta-psychologica,Found: NOT!!!,0001-6918,1873-6297
Actas Dermo-Sifiliográficas,https://www.journals.elsevier.com/actas-dermo-sifiliograficas,Found: NOT!!!,0001-7310,1578-2190
Anais da Academia Brasileira de Ciências,http://www.scielo.br/scielo.php?script=sci_serial&pid=0001-3765&lng=en&nrm=iso,Found:OK,aabc@abc.org.br,0001-3765,1678-2690
Acta Dermato-Venereologica,https://medicaljournalssweden.se/actadv,Found: NOT!!!,0001-5555,1651-2057
